Workbook

Sheet Sheet1
A1: 站点 | B1: 仓库账号 | C1: 平台 | D1: SKU | E1: 名称 | F1: 入库日期 | G1: 数量 | H1: 库龄天数 | I1: 占用体积 | J1: 仓库
A2: US | B2: 乐歌SDJT | C2: 多平台 | D2: ZMG-0190B | E2: =VLOOKUP(D2,[1]各个海外仓数据!$D$1:$E$65536,2,0) -> 抽油烟机 | F2: 2026-07-14 09:39:53 | G2: 46 | H2: 19 | I2: 5.40132 | J2: CAP
A3: US | B3: 乐歌SDJT | C3: 多平台 | D3: TM-CC-TG18-U | E3: =VLOOKUP(D3,[1]各个海外仓数据!$D$1:$E$65536,2,0) -> 配件 | F3: 2023-05-05 03:43:42 | G3: 6 | H3: 1185 | I3: 0.4383225 | J3: CAP
A4: US | B4: 乐歌SDJT | C4: 多平台 | D4: TM-CC-TG18-L | E4: =VLOOKUP(D4,[1]各个海外仓数据!$D$1:$E$65536,2,0) -> 配件 | F4: 2023-05-05 03:43:42 | G4: 4 | H4: 1185 | I4: 0.292215 | J4: CAP
A5: US | B5: 乐歌SDJT | C5: 多平台 | D5: TM-CC-TD08-U-BK | E5: =VLOOKUP(D5,[1]各个海外仓数据!$D$1:$E$65536,2,0) -> 配件 | F5: 2023-05-05 03:43:42 | G5: 3 | H5: 1185 | I5: 0.08049375 | J5: CAP
A6: US | B6: 乐歌SDJT | C6: 多平台 | D6: ZMS-1760TS | E6: =VLOOKUP(D6,[1]各个海外仓数据!$D$1:$E$65536,2,0) -> 抽油烟机 | F6: 2026-07-14 09:39:53 | G6: 25 | H6: 19 | I6: 2.0085 | J6: CAP
A7: US | B7: 乐歌SDJT | C7: 多平台 | D7: TM-CC-TD08-U-LG | E7: =VLOOKUP(D7,[1]各个海外仓数据!$D$1:$E$65536,2,0) -> 配件 | F7: 2022-02-01 03:43:42 | G7: 8 | H7: 1643 | I7: 0.21465 | J7: CAP
A8: US | B8: 乐歌SDJT | C8: 多平台 | D8: USYS0652 | E8: =VLOOKUP(D8,[1]各个海外仓数据!$D$1:$E$65536,2,0) -> 抽油烟机 | F8: 2026-05-08 10:11:01 | G8: 15 | H8: 86 | I8: 1.0732313 | J8: CAP
A9: US | B9: 乐歌SDJT | C9: 多平台 | D9: CHA18HS2A | E9: =VLOOKUP(D9,[1]各个海外仓数据!$D$1:$E$65536,2,0) -> 电陶炉 | F9: 2026-07-14 09:39:53 | G9: 25 | H9: 19 | I9: 1.0591 | J9: CAP
A10: US | B10: 乐歌SDJT | C10: 多平台 | D10: GH002-122G | E10: =VLOOKUP(D10,[1]各个海外仓数据!$D$1:$E$65536,2,0) -> 灶具 | F10: 2026-07-14 09:39:53 | G10: 37 | H10: 19 | I10: 1.70274 | J10: CAP
A11: US | B11: 乐歌SDJT | C11: 多平台 | D11: SK001-304BE | E11: =VLOOKUP(D11,[1]各个海外仓数据!$D$1:$E$65536,2,0) -> 电陶炉 | F11: 2026-05-08 10:11:01 | G11: 34 | H11: 86 | I11: 3.210552 | J11: CAP
A12: US | B12: 乐歌SDJT | C12: 多平台 | D12: YYB1670T | E12: =VLOOKUP(D12,[1]各个海外仓数据!$D$1:$E$65536,2,0) -> 抽油烟机 | F12: 2026-07-14 09:39:53 | G12: 17 | H12: 19 | I12: 1.6031978 | J12: CAP
A13: US | B13: 乐歌SDJT | C13: 多平台 | D13: US0475BTC | E13: =VLOOKUP(D13,[1]各个海外仓数据!$D$1:$E$65536,2,0) -> 抽油烟机 | F13: 2026-05-08 10:11:01 | G13: 5 | H13: 86 | I13: 0.50204 | J13: CAP
A14: US | B14: 乐歌SDJT | C14: 多平台 | D14: ICA350ZSF | E14: 制冰机 | F14: 2026-07-28 12:34:30 | G14: 30 | H14: 5 | I14: 3.2154975 | J14: CAP
A15: US | B15: 乐歌SDJT | C15: 多平台 | D15: USGF3976WH-T | E15: =VLOOKUP(D15,[1]各个海外仓数据!$D$1:$E$65536,2,0) -> 抽油烟机 | F15: 2026-07-14 09:39:53 | G15: 48 | H15: 19 | I15: 3.239676 | J15: CAP
A16: US | B16: 乐歌SDJT | C16: 多平台 | D16: TM-CC-TG18-U-LG | E16: =VLOOKUP(D16,[1]各个海外仓数据!$D$1:$E$65536,2,0) -> 配件 | F16: 2022-02-01 03:43:42 | G16: 4 | H16: 1643 | I16: 0.292215 | J16: CAP
A17: US | B17: 乐歌SDJT | C17: 多平台 | D17: PH7DU10730TA | E17: =VLOOKUP(D17,[1]各个海外仓数据!$D$1:$E$65536,2,0) -> 泳池热泵机 | F17: 2026-05-27 11:19:06 | G17: 10 | H17: 67 | I17: 3.0480425 | J17: CAP
A18: US | B18: 乐歌SDJT | C18: 多平台 | D18: US1001G90BPA | E18: =VLOOKUP(D18,[1]各个海外仓数据!$D$1:$E$65536,2,0) -> 抽油烟机 | F18: 2026-05-14 16:43:35 | G18: 1 | H18: 80 | I18: 0.1235 | J18: CAP
A19: US | B19: 乐歌SDJT | C19: 多平台 | D19: US1001G90BPA | E19: =VLOOKUP(D19,[1]各个海外仓数据!$D$1:$E$65536,2,0) -> 抽油烟机 | F19: 2026-04-07 12:05:20 | G19: 18 | H19: 117 | I19: 2.223 | J19: CAP
A20: US | B20: 乐歌SDJT | C20: 多平台 | D20: USGD1775BCK | E20: =VLOOKUP(D20,[1]各个海外仓数据!$D$1:$E$65536,2,0) -> 抽油烟机 | F20: 2026-05-08 10:11:01 | G20: 19 | H20: 86 | I20: 1.87872 | J20: CAP
A21: US | B21: 乐歌SDJT | C21: 多平台 | D21: USGI0290B | E21: =VLOOKUP(D21,[1]各个海外仓数据!$D$1:$E$65536,2,0) -> 抽油烟机 | F21: 2026-07-14 09:39:53 | G21: 22 | H21: 19 | I21: 6.4582017 | J21: CAP
A22: US | B22: 乐歌SDJT | C22: 多平台 | D22: RHA30GDS6 | E22: =VLOOKUP(D22,[1]各个海外仓数据!$D$1:$E$65536,2,0) -> 抽油烟机 | F22: 2026-07-14 09:39:53 | G22: 39 | H22: 19 | I22: 3.4749 | J22: CAP
A23: US | B23: 乐歌SDJT | C23: 多平台 | D23: USCC-TD08-EXT | E23: =VLOOKUP(D23,[1]各个海外仓数据!$D$1:$E$65536,2,0) -> 配件 | F23: 2026-07-14 09:39:53 | G23: 14 | H23: 19 | I23: 0.710787 | J23: CAP
A24: US | B24: 乐歌SDJT | C24: 多平台 | D24: USGD1775A | E24: =VLOOKUP(D24,[1]各个海外仓数据!$D$1:$E$65536,2,0) -> 抽油烟机 | F24: 2026-07-14 09:39:53 | G24: 50 | H24: 19 | I24: 4.944 | J24: CAP
A25: US | B25: 乐歌SDJT | C25: 多平台 | D25: ZMS-2560 | E25: =VLOOKUP(D25,[1]各个海外仓数据!$D$1:$E$65536,2,0) -> 抽油烟机 | F25: 2026-07-14 09:39:53 | G25: 41 | H25: 19 | I25: 2.0898161 | J25: CAP
A26: US | B26: 乐歌SDJT | C26: 多平台 | D26: ZMS-3976-T | E26: =VLOOKUP(D26,[1]各个海外仓数据!$D$1:$E$65536,2,0) -> 抽油烟机 | F26: 2026-06-05 15:07:32 | G26: 1 | H26: 58 | I26: 0.06749325 | J26: CAP
A27: US | B27: 乐歌SDJT | C27: 多平台 | D27: ZMS-3976-T | E27: =VLOOKUP(D27,[1]各个海外仓数据!$D$1:$E$65536,2,0) -> 抽油烟机 | F27: 2026-05-08 10:11:01 | G27: 129 | H27: 86 | I27: 8.7066293 | J27: CAP
A28: US | B28: 乐歌SDJT | C28: 多平台 | D28: ICAFTSZS7-L | E28: 制冰机 | F28: 2026-07-28 12:33:27 | G28: 20 | H28: 5 | I28: 8.08488 | J28: CAP
A29: US | B29: 乐歌SDJT | C29: 多平台 | D29: ICAFTSZS7-U | E29: 制冰机 | F29: 2026-07-28 12:35:24 | G29: 20 | H29: 5 | I29: 4.629376 | J29: CAP
A30: US | B30: 乐歌SDJT | C30: 多平台 | D30: ICAT36SL001A | E30: 制冰机 | F30: 2026-07-28 09:12:29 | G30: 64 | H30: 5 | I30: 7.79868 | J30: CAP
A31: US | B31: 乐歌SDJT | C31: 多平台 | D31: ICAZLBS8A | E31: =VLOOKUP(D31,[1]各个海外仓数据!$D$1:$E$65536,2,0) -> 冰槽 | F31: 2026-05-27 15:22:14 | G31: 7 | H31: 67 | I31: 0.67032 | J31: CAP
A32: US | B32: 乐歌SDJT | C32: 多平台 | D32: CH30K230905A | E32: =VLOOKUP(D32,[1]各个海外仓数据!$D$1:$E$65536,2,0) -> 电陶炉 | F32: 2026-07-14 09:39:53 | G32: 26 | H32: 19 | I32: 2.420847 | J32: CAP
A33: US | B33: 乐歌SDJT | C33: 多平台 | D33: ICBZS40SS01A | E33: =VLOOKUP(D33,[1]各个海外仓数据!$D$1:$E$65536,2,0) -> 制冰机 | F33: 2026-07-01 19:14:12 | G33: 175 | H33: 32 | I33: 31.447237 | J33: CAP
A34: US | B34: 乐歌SDJT | C34: 多平台 | D34: ICBZS40SS01A | E34: =VLOOKUP(D34,[1]各个海外仓数据!$D$1:$E$65536,2,0) -> 制冰机 | F34: 2026-05-27 13:30:02 | G34: 30 | H34: 67 | I34: 5.390955 | J34: CAP
A35: US | B35: 乐歌SDJT | C35: 多平台 | D35: ICBZS40SS01A | E35: =VLOOKUP(D35,[1]各个海外仓数据!$D$1:$E$65536,2,0) -> 制冰机 | F35: 2026-05-26 13:38:26 | G35: 100 | H35: 68 | I35: 17.96985 | J35: CAP
A36: US | B36: 乐歌SDJT | C36: 多平台 | D36: ICBZS40SS01A | E36: =VLOOKUP(D36,[1]各个海外仓数据!$D$1:$E$65536,2,0) -> 制冰机 | F36: 2026-05-05 15:03:21 | G36: 2 | H36: 89 | I36: 0.359397 | J36: CAP
A37: US | B37: 乐歌SDJT | C37: 多平台 | D37: USGD2475B | E37: =VLOOKUP(D37,[1]各个海外仓数据!$D$1:$E$65536,2,0) -> 抽油烟机 | F37: 2026-04-07 12:05:20 | G37: 15 | H37: 117 | I37: 1.5552 | J37: CAP
A38: US | B38: 乐歌SDJT | C38: 多平台 | D38: RHA30BLC2 | E38: =VLOOKUP(D38,[1]各个海外仓数据!$D$1:$E$65536,2,0) -> 抽油烟机 | F38: 2026-07-14 09:39:53 | G38: 50 | H38: 19 | I38: 9.047 | J38: CAP
A39: US | B39: 乐歌SDJT | C39: 多平台 | D39: SK002-304BI | E39: =VLOOKUP(D39,[1]各个海外仓数据!$D$1:$E$65536,2,0) -> 电磁炉 | F39: 2025-04-23 13:33:37 | G39: 2 | H39: 466 | I39: 0.16224 | J39: CAP
A40: US | B40: 乐歌SDJT | C40: 多平台 | D40: CHA90H365 | E40: =VLOOKUP(D40,[1]各个海外仓数据!$D$1:$E$65536,2,0) -> 电陶炉 | F40: 2026-05-08 10:11:01 | G40: 5 | H40: 86 | I40: 0.5363325 | J40: CAP
A41: US | B41: 乐歌SDJT | C41: 多平台 | D41: GC001-122G-J | E41: =VLOOKUP(D41,[1]各个海外仓数据!$D$1:$E$65536,2,0) -> 灶具 | F41: 2026-07-14 09:39:53 | G41: 43 | H41: 19 | I41: 1.7247945 | J41: CAP
A42: US | B42: 乐歌SDJT | C42: 多平台 | D42: ICA450ZS9 | E42: =VLOOKUP(D42,[1]各个海外仓数据!$D$1:$E$65536,2,0) -> 制冰机 | F42: 2026-05-27 14:27:09 | G42: 13 | H42: 67 | I42: 2.5153538 | J42: CAP
... A101: US | B101: 乐歌SDJT | C101: 多平台 | D101: JSD001-6LB | E101: =VLOOKUP(D101,[1]各个海外仓数据!$D$1:$E$65536,2,0) -> 热水器 | F101: 2026-05-01 14:52:39 | G101: 52 | H101: 93 | I101: 2.34442 | J101: CHI
A102: US | B102: 乐歌SDJT | C102: 多平台 | D102: ICAT36SL001A | E102: 制冰机 | F102: 2026-07-29 09:19:26 | G102: 3 | H102: 4 | I102: 0.36556312 | J102: CHI
A103: US | B103: 乐歌SDJT | C103: 多平台 | D103: RH601I90BTGA | E103: =VLOOKUP(D103,[1]各个海外仓数据!$D$1:$E$65536,2,0) -> 抽油烟机 | F103: 2026-07-06 17:49:52 | G103: 29 | H103: 27 | I103: 8.540935 | J103: CHI
A104: US | B104: 乐歌SDJT | C104: 多平台 | D104: IHACX0302 | E104: =VLOOKUP(D104,[1]各个海外仓数据!$D$1:$E$65536,2,0) -> 电磁炉 | F104: 2026-03-14 15:14:39 | G104: 5 | H104: 141 | I104: 0.38795625 | J104: CHI
A105: US | B105: 乐歌SDJT | C105: 多平台 | D105: USYS0652 | E105: =VLOOKUP(D105,[1]各个海外仓数据!$D$1:$E$65536,2,0) -> 抽油烟机 | F105: 2026-05-20 11:38:00 | G105: 19 | H105: 74 | I105: 1.3594263 | J105: CHI
A106: US | B106: 乐歌SDJT | C106: 多平台 | D106: US1001G75A | E106: =VLOOKUP(D106,[1]各个海外仓数据!$D$1:$E$65536,2,0) -> 抽油烟机 | F106: 2026-07-20 10:47:43 | G106: 60 | H106: 13 | I106: 6.24 | J106: CHI
A107: US | B107: 乐歌SDJT | C107: 多平台 | D107: US1001G75A | E107: =VLOOKUP(D107,[1]各个海外仓数据!$D$1:$E$65536,2,0) -> 抽油烟机 | F107: 2026-07-06 17:49:52 | G107: 48 | H107: 27 | I107: 4.992 | J107: CHI
A108: US | B108: 乐歌SDJT | C108: 多平台 | D108: IHA800BU181A | E108: =VLOOKUP(D108,[1]各个海外仓数据!$D$1:$E$65536,2,0) -> 电磁炉 | F108: 2026-05-01 14:43:22 | G108: 50 | H108: 93 | I108: 2.6953875 | J108: CHI
A109: US | B109: 乐歌SDJT | C109: 多平台 | D109: IHA800BU181A | E109: =VLOOKUP(D109,[1]各个海外仓数据!$D$1:$E$65536,2,0) -> 电磁炉 | F109: 2026-04-17 11:37:09 | G109: 16 | H109: 107 | I109: 0.862524 | J109: CHI
A110: US | B110: 乐歌SDJT | C110: 多平台 | D110: SK001-244BE | E110: =VLOOKUP(D110,[1]各个海外仓数据!$D$1:$E$65536,2,0) -> 电陶炉 | F110: 2026-07-22 11:21:45 | G110: 27 | H110: 11 | I110: 1.9683 | J110: CHI
A111: US | B111: 乐歌SDJT | C111: 多平台 | D111: USGI0275BCP | E111: =VLOOKUP(D111,[1]各个海外仓数据!$D$1:$E$65536,2,0) -> 抽油烟机 | F111: 2026-05-21 13:52:17 | G111: 12 | H111: 73 | I111: 3.5226555 | J111: CHI
A112: US | B112: 乐歌SDJT | C112: 多平台 | D112: GC003-244G-J | E112: =VLOOKUP(D112,[1]各个海外仓数据!$D$1:$E$65536,2,0) -> 灶具 | F112: 2026-07-23 08:40:44 | G112: 43 | H112: 10 | I112: 3.0515595 | J112: CHI
A113: US | B113: 乐歌SDJT | C113: 多平台 | D113: USGF2375BPCF | E113: =VLOOKUP(D113,[1]各个海外仓数据!$D$1:$E$65536,2,0) -> 抽油烟机 | F113: 2026-07-22 11:57:43 | G113: 50 | H113: 11 | I113: 3.0163625 | J113: CHI
A114: US | B114: 乐歌SDJT | C114: 多平台 | D114: USGF2375BPCF | E114: =VLOOKUP(D114,[1]各个海外仓数据!$D$1:$E$65536,2,0) -> 抽油烟机 | F114: 2026-07-22 11:22:20 | G114: 15 | H114: 11 | I114: 0.90490875 | J114: CHI
... A177: US | B177: 乐歌GEHK | C177: 亚马逊 | D177: YY0275A | E177: =VLOOKUP(D177,[1]各个海外仓数据!$D$1:$E$65536,2,0) -> 抽油烟机 | F177: 2026-03-23 12:13:09 | G177: 1 | H177: 132 | I177: 0.29355463 | J177: CAP
A178: US | B178: 乐歌GEHK | C178: 亚马逊 | D178: ICAFTSZS7-U | E178: 制冰机 | F178: 2026-07-28 12:35:55 | G178: 15 | H178: 5 | I178: 3.472032 | J178: CAP
A179: US | B179: 乐歌GEHK | C179: 亚马逊 | D179: ICAFTSZS7-L | E179: 制冰机 | F179: 2026-07-28 12:33:53 | G179: 15 | H179: 5 | I179: 6.06366 | J179: CAP
A180: US | B180: 乐歌GEHK | C180: 亚马逊 | D180: YY0290A | E180: =VLOOKUP(D180,[1]各个海外仓数据!$D$1:$E$65536,2,0) -> 抽油烟机 | F180: 2025-10-27 10:21:42 | G180: 16 | H180: 279 | I180: 4.696874 | J180: CAP
A181: US | B181: 乐歌GEHK | C181: 亚马逊 | D181: YY0290A | E181: =VLOOKUP(D181,[1]各个海外仓数据!$D$1:$E$65536,2,0) -> 抽油烟机 | F181: 2025-10-06 17:17:34 | G181: 2 | H181: 300 | I181: 0.58710925 | J181: CAP
A182: US | B182: 乐歌GEHK | C182: 亚马逊 | D182: YYB0271 | E182: =VLOOKUP(D182,[1]各个海外仓数据!$D$1:$E$65536,2,0) -> 抽油烟机 | F182: 2026-04-07 12:40:41 | G182: 10 | H182: 117 | I182: 1.6937625 | J182: CAP
A183: US | B183: 乐歌GEHK | C183: 亚马逊 | D183: ICA210ZS5-U | E183: =VLOOKUP(D183,[1]各个海外仓数据!$D$1:$E$65536,2,0) -> 制冰机主机 | F183: 2025-12-05 11:29:00 | G183: 4 | H183: 240 | I183: 0.8255 | J183: CAP
A184: US | B184: 乐歌GEHK | C184: 亚马逊 | D184: ICA210ZS5-L | E184: =VLOOKUP(D184,[1]各个海外仓数据!$D$1:$E$65536,2,0) -> 制冰机储冰柜 | F184: 2025-12-05 11:29:00 | G184: 4 | H184: 240 | I184: 1.885569 | J184: CAP
A185: US | B185: 乐歌GEHK | C185: 亚马逊 | D185: FM-320F-CIM | E185: =VLOOKUP(D185,[1]各个海外仓数据!$D$1:$E$65536,2,0) -> 制冰机 | F185: 2025-07-07 14:38:58 | G185: 26 | H185: 391 | I185: 3.7674 | J185: CAP
A186: US | B186: 乐歌GEHK | C186: 亚马逊 | D186: ZMS-0275 | E186: =VLOOKUP(D186,[1]各个海外仓数据!$D$1:$E$65536,2,0) -> 抽油烟机 | F186: 2025-11-28 13:10:29 | G186: 15 | H186: 247 | I186: 2.2091063 | J186: CAP
A187: US | B187: 乐歌GEHK | C187: 亚马逊 | D187: TM-CC-TI01-L | E187: =VLOOKUP(D187,[1]各个海外仓数据!$D$1:$E$65536,2,0) -> 配件 | F187: 2026-06-22 17:18:06 | G187: 14 | H187: 41 | I187: 1.2437425 | J187: CAP
A188: US | B188: 乐歌GEHK | C188: 亚马逊 | D188: TM-CC-TI01-L | E188: =VLOOKUP(D188,[1]各个海外仓数据!$D$1:$E$65536,2,0) -> 配件 | F188: 2026-02-02 11:39:47 | G188: 11 | H188: 181 | I188: 0.97722625 | J188: CAP
A189: US | B189: 乐歌GEHK | C189: 亚马逊 | D189: TM-CC-TI01-U | E189: =VLOOKUP(D189,[1]各个海外仓数据!$D$1:$E$65536,2,0) -> 配件 | F189: 2026-06-22 17:18:06 | G189: 10 | H189: 41 | I189: 0.8883875 | J189: CAP
A190: US | B190: 乐歌GEHK | C190: 亚马逊 | D190: TM-CC-TI01-U | E190: =VLOOKUP(D190,[1]各个海外仓数据!$D$1:$E$65536,2,0) -> 配件 | F190: 2026-02-02 11:39:47 | G190: 5 | H190: 181 | I190: 0.44419375 | J190: CAP
A191: US | B191: 乐歌GEHK | C191: 亚马逊 | D191: TM-CC-TI01-U-BK | E191: =VLOOKUP(D191,[1]各个海外仓数据!$D$1:$E$65536,2,0) -> 配件 | F191: 2025-07-01 18:44:10 | G191: 1 | H191: 397 | I191: 0.08883875 | J191: CAP
... A588: UK | B588: 谷仓G1815 | C588: 多平台 | D588: RHKBA6AP2 | E588: =VLOOKUP(D588,[1]各个海外仓数据!$D$1:$E$65536,2,0) -> 抽油烟机 | F588: 2026-07-28 | G588: 50 | H588: 7 | I588: 4.7008836 | J588: UK
A589: UK | B589: 谷仓G1815 | C589: 多平台 | D589: RHKFJF6S1 | E589: 抽油烟机 | F589: 2026-07-28 | G589: 49 | H589: 7 | I589: 4.9748107 | J589: UK
A590: UK | B590: 谷仓G1815 | C590: 多平台 | D590: IHE70I24B | E590: =VLOOKUP(D590,[1]各个海外仓数据!$D$1:$E$65536,2,0) -> 电磁炉 | F590: 2026-07-28 | G590: 20 | H590: 7 | I590: 0.82753056 | J590: UK
A591: UK | B591: 谷仓G1815 | C591: 多平台 | D591: RHK60TXJ6 | E591: =VLOOKUP(D591,[1]各个海外仓数据!$D$1:$E$65536,2,0) -> 抽油烟机 | F591: 2026-07-28 | G591: 25 | H591: 7 | I591: 2.59541 | J591: UK
A592: UK | B592: 谷仓G1815 | C592: 多平台 | D592: YYUKGCT-B04 | E592: 灶具 | F592: 2026-07-28 | G592: 48 | H592: 7 | I592: 2.99676 | J592: UK
A593: UK | B593: 谷仓G1815 | C593: 多平台 | D593: YYUKGCT-S02 | E593: =VLOOKUP(D593,[1]各个海外仓数据!$D$1:$E$65536,2,0) -> 灶具 | F593: 2026-07-28 | G593: 30 | H593: 7 | I593: 1.008525 | J593: UK
A594: UK | B594: 谷仓G1815 | C594: 多平台 | D594: CHK30P122 | E594: =VLOOKUP(D594,[1]各个海外仓数据!$D$1:$E$65536,2,0) -> 电陶炉 | F594: 2026-07-28 | G594: 50 | H594: 7 | I594: 1.0416905 | J594: UK
A595: UK | B595: 谷仓G1815 | C595: 多平台 | D595: RHKBA9BP8 | E595: =VLOOKUP(D595,[1]各个海外仓数据!$D$1:$E$65536,2,0) -> 抽油烟机 | F595: 2026-07-28 | G595: 20 | H595: 7 | I595: 2.8014336 | J595: UK
A596: DE | B596: 谷仓G1815 | C596: 多平台 | D596: GHS705SS5C1E | E596: =VLOOKUP(D596,[1]各个海外仓数据!$D$1:$E$65536,2,0) -> 灶具 | F596: 2025-10-20 | G596: 2 | H596: 288 | I596: 0.163863 | J596: DE
A597: DE | B597: 谷仓G1815 | C597: 多平台 | D597: EUFP421 | E597: =VLOOKUP(D597,[1]各个海外仓数据!$D$1:$E$65536,2,0) -> 食物处理器 | F597: 2025-10-20 | G597: 37 | H597: 288 | I597: 1.0753717 | J597: DE
A598: DE | B598: 谷仓G1815 | C598: 多平台 | D598: EUFP421 | E598: =VLOOKUP(D598,[1]各个海外仓数据!$D$1:$E$65536,2,0) -> 食物处理器 | F598: 2025-12-23 | G598: 1 | H598: 224 | I598: 0.0290641 | J598: DE
A599: DE | B599: 谷仓G1815 | C599: 多平台 | D599: EUFP421 | E599: =VLOOKUP(D599,[1]各个海外仓数据!$D$1:$E$65536,2,0) -> 食物处理器 | F599: 2025-12-30 | G599: 1 | H599: 217 | I599: 0.0290641 | J599: DE
A600: DE | B600: 谷仓G1815 | C600: 多平台 | D600: EUFP421 | E600: =VLOOKUP(D600,[1]各个海外仓数据!$D$1:$E$65536,2,0) -> 食物处理器 | F600: 2026-01-03 | G600: 1 | H600: 213 | I600: 0.0290641 | J600: DE
A601: DE | B601: 谷仓G1815 | C601: 多平台 | D601: EUFP421 | E601: =VLOOKUP(D601,[1]各个海外仓数据!$D$1:$E$65536,2,0) -> 食物处理器 | F601: 2026-01-06 | G601: 1 | H601: 210 | I601: 0.0290641 | J601: DE
A602: DE | B602: 谷仓G1815 | C602: 多平台 | D602: EUFP421 | E602: =VLOOKUP(D602,[1]各个海外仓数据!$D$1:$E$65536,2,0) -> 食物处理器 | F602: 2026-01-17 | G602: 1 | H602: 199 | I602: 0.0290641 | J602: DE
A603: DE | B603: 谷仓G1815 | C603: 多平台 | D603: EUFP421 | E603: =VLOOKUP(D603,[1]各个海外仓数据!$D$1:$E$65536,2,0) -> 食物处理器 | F603: 2026-01-20 | G603: 1 | H603: 196 | I603: 0.0290641 | J603: DE
A604: DE | B604: 谷仓G1815 | C604: 多平台 | D604: EUFP421 | E604: =VLOOKUP(D604,[1]各个海外仓数据!$D$1:$E$65536,2,0) -> 食物处理器 | F604: 2026-02-02 | G604: 1 | H604: 183 | I604: 0.0290641 | J604: DE
... A674: UK | B674: 谷仓G17563 | C674: 亚马逊 | D674: UKGV1360 | E674: =VLOOKUP(D674,[1]各个海外仓数据!$D$1:$E$65536,2,0) -> 抽油烟机 | F674: 2026-07-28 | G674: 50 | H674: 7 | I674: 6.389875 | J674: UK
A675: UK | B675: 谷仓G17563 | C675: 亚马逊 | D675: RHK60TXJ8 | E675: 抽油烟机 | F675: 2026-07-28 | G675: 36 | H675: 7 | I675: 4.566456 | J675: UK
A676: UK | B676: 谷仓G17563 | C676: 亚马逊 | D676: UKGCT-B02 | E676: =VLOOKUP(D676,[1]各个海外仓数据!$D$1:$E$65536,2,0) -> 灶具 | F676: 2026-07-28 | G676: 25 | H676: 7 | I676: 0.8404375 | J676: UK
A677: UK | B677: 谷仓G17563 | C677: 亚马逊 | D677: RHK60TXJ8 | E677: 抽油烟机 | F677: 2026-07-29 | G677: 14 | H677: 6 | I677: 1.775844 | J677: UK
A678: UK | B678: 谷仓G17563 | C678: 亚马逊 | D678: UKGCT-B02 | E678: =VLOOKUP(D678,[1]各个海外仓数据!$D$1:$E$65536,2,0) -> 灶具 | F678: 2026-07-29 | G678: 25 | H678: 6 | I678: 0.8404375 | J678: UK
A679: DE | B679: 谷仓G17563 | C679: 亚马逊 | D679: AF1102BMBT1E | E679: =VLOOKUP(D679,[1]各个海外仓数据!$D$1:$E$65536,2,0) -> 空气炸锅 | F679: 2026-01-31 | G679: 1 | H679: 185 | I679: 0.072954288 | J679: DE
A680: DE | B680: 谷仓G17563 | C680: 亚马逊 | D680: AF1102BMBT1E | E680: =VLOOKUP(D680,[1]各个海外仓数据!$D$1:$E$65536,2,0) -> 空气炸锅 | F680: 2026-02-09 | G680: 1 | H680: 176 | I680: 0.072954288 | J680: DE
A681: DE | B681: 谷仓G17563 | C681: 亚马逊 | D681: EUAEB-B04W | E681: =VLOOKUP(D681,[1]各个海外仓数据!$D$1:$E$65536,2,0) -> 灶具 | F681: 2026-02-17 | G681: 3 | H681: 168 | I681: 0.22302 | J681: DE
A682: DE | B682: 谷仓G17563 | C682: 亚马逊 | D682: EUT3C-B04 | E682: =VLOOKUP(D682,[1]各个海外仓数据!$D$1:$E$65536,2,0) -> 灶具 | F682: 2026-02-18 | G682: 6 | H682: 167 | I682: 0.420552 | J682: DE
A683: DE | B683: 谷仓G17563 | C683: 亚马逊 | D683: EUAEB-B04W | E683: =VLOOKUP(D683,[1]各个海外仓数据!$D$1:$E$65536,2,0) -> 灶具 | F683: 2026-02-18 | G683: 9 | H683: 167 | I683: 0.66906 | J683: DE
A684: DE | B684: 谷仓G17563 | C684: 亚马逊 | D684: EUFP201 | E684: =VLOOKUP(D684,[1]各个海外仓数据!$D$1:$E$65536,2,0) -> 食物处理器 | F684: 2026-02-19 | G684: 62 | H684: 166 | I684: 7.864452 | J684: DE
A685: DE | B685: 谷仓G17563 | C685: 亚马逊 | D685: CHE30M122 | E685: =VLOOKUP(D685,[1]各个海外仓数据!$D$1:$E$65536,2,0) -> 电陶炉 | F685: 2026-03-10 | G685: 9 | H685: 147 | I685: 0.18750429 | J685: DE
...

Sheet Sheet2

Sheet Sheet3
